[
  {
    "id": "english-pyq-as-per-syllabus",
    "title": "English",
    "subject": "English",
    "semester": "1st Semester",
    "year": "All",
    "icon": "📗",
    "file": "English pyq as per syllabus.pdf"
  },
  {
    "id": "math-i-pyq-solutions",
    "title": "Mathematics",
    "subject": "Mathematics",
    "semester": "1st Semester",
    "year": "All",
    "icon": "📘",
    "file": "Math-I-PYQ-Solutions.pdf"
  },
  {
    "id": "btech-1-sem-applied-mathematics-1-pam1a001-2018",
    "title": "Mathematics (PAM1A001-2018)",
    "subject": "Mathematics",
    "semester": "1st Semester",
    "year": "2018",
    "icon": "📘",
    "file": "btech-1-sem-applied-mathematics-1-pam1a001-2018.pdf"
  },
  {
    "id": "btech-1-sem-applied-mathematics-1-pam1a001-2020",
    "title": "Mathematics (PAM1A001-2020)",
    "subject": "Mathematics",
    "semester": "1st Semester",
    "year": "2020",
    "icon": "📘",
    "file": "btech-1-sem-applied-mathematics-1-pam1a001-2020.pdf"
  },
  {
    "id": "btech-1-sem-communicative-english-hm3101-2018",
    "title": "English (HM3101-2018)",
    "subject": "English",
    "semester": "1st Semester",
    "year": "2018",
    "icon": "📗",
    "file": "btech-1-sem-communicative-english-hm3101-2018.pdf"
  },
  {
    "id": "btech-1-sem-communicative-english-hm3101-2020",
    "title": "English (HM3101-2020)",
    "subject": "English",
    "semester": "1st Semester",
    "year": "2020",
    "icon": "📗",
    "file": "btech-1-sem-communicative-english-hm3101-2020.pdf"
  },
  {
    "id": "btech-1-sem-communicative-english-rce1e001-2020",
    "title": "English (RCE1E001-2020)",
    "subject": "English",
    "semester": "1st Semester",
    "year": "2020",
    "icon": "📗",
    "file": "btech-1-sem-communicative-english-rce1e001-2020.pdf"
  },
  {
    "id": "btech-1-sem-communicative-english-rce1e001-2023",
    "title": "English (RCE1E001-2023)",
    "subject": "English",
    "semester": "1st Semester",
    "year": "2023",
    "icon": "📗",
    "file": "btech-1-sem-communicative-english-rce1e001-2023.pdf"
  },
  {
    "id": "btech-1-sem-communicative-english-rce1e001-2024",
    "title": "English (RCE1E001-2024)",
    "subject": "English",
    "semester": "1st Semester",
    "year": "2024",
    "icon": "📗",
    "file": "btech-1-sem-communicative-english-rce1e001-2024.pdf"
  },
  {
    "id": "btech-1-sem-communicative-english-rce1e001-2025",
    "title": "English (RCE1E001-2025)",
    "subject": "English",
    "semester": "1st Semester",
    "year": "2025",
    "icon": "📗",
    "file": "btech-1-sem-communicative-english-rce1e001-2025.pdf"
  },
  {
    "id": "btech-1-sem-engineering-mathematics-1-bas-103-2023",
    "title": "Mathematics",
    "subject": "Mathematics",
    "semester": "1st Semester",
    "year": "2023",
    "icon": "📘",
    "file": "btech-1-sem-engineering-mathematics-1-bas-103-2023.pdf"
  },
  {
    "id": "btech-1-sem-english-communication-skill-15hm3101-2018",
    "title": "English (HM3101-2018)",
    "subject": "English",
    "semester": "1st Semester",
    "year": "2018",
    "icon": "📗",
    "file": "btech-1-sem-english-communication-skill-15hm3101-2018.pdf"
  },
  {
    "id": "btech-1-sem-english-communication-skill-15hm3101-2020",
    "title": "English (HM3101-2020)",
    "subject": "English",
    "semester": "1st Semester",
    "year": "2020",
    "icon": "📗",
    "file": "btech-1-sem-english-communication-skill-15hm3101-2020.pdf"
  },
  {
    "id": "btech-1-sem-english-communication-skill-pec1e101-2018",
    "title": "English (PEC1E101-2018)",
    "subject": "English",
    "semester": "1st Semester",
    "year": "2018",
    "icon": "📗",
    "file": "btech-1-sem-english-communication-skill-pec1e101-2018.pdf"
  },
  {
    "id": "btech-1-sem-english-communication-skill-pec1e101-2020",
    "title": "English (PEC1E101-2020)",
    "subject": "English",
    "semester": "1st Semester",
    "year": "2020",
    "icon": "📗",
    "file": "btech-1-sem-english-communication-skill-pec1e101-2020.pdf"
  },
  {
    "id": "btech-1-sem-english-for-technical-writing-23hs1002-2025",
    "title": "English (HS1002-2025)",
    "subject": "English",
    "semester": "1st Semester",
    "year": "2025",
    "icon": "📗",
    "file": "btech-1-sem-english-for-technical-writing-23hs1002-2025.pdf"
  },
  {
    "id": "btech-1-sem-mathematics-1-15bs1101-2018",
    "title": "Mathematics (BS1101-2018)",
    "subject": "Mathematics",
    "semester": "1st Semester",
    "year": "2018",
    "icon": "📘",
    "file": "btech-1-sem-mathematics-1-15bs1101-2018.pdf"
  },
  {
    "id": "btech-1-sem-mathematics-1-15bs1101-2020",
    "title": "Mathematics (BS1101-2020)",
    "subject": "Mathematics",
    "semester": "1st Semester",
    "year": "2020",
    "icon": "📘",
    "file": "btech-1-sem-mathematics-1-15bs1101-2020.pdf"
  },
  {
    "id": "btech-1-sem-mathematics-1-23bs1001-2025",
    "title": "Mathematics (BS1001-2025)",
    "subject": "Mathematics",
    "semester": "1st Semester",
    "year": "2025",
    "icon": "📘",
    "file": "btech-1-sem-mathematics-1-23bs1001-2025.pdf"
  },
  {
    "id": "btech-1-sem-mathematics-1-bs1101-2018",
    "title": "Mathematics (BS1101-2018)",
    "subject": "Mathematics",
    "semester": "1st Semester",
    "year": "2018",
    "icon": "📘",
    "file": "btech-1-sem-mathematics-1-bs1101-2018.pdf"
  },
  {
    "id": "btech-1-sem-mathematics-1-bs1101-2020",
    "title": "Mathematics (BS1101-2020)",
    "subject": "Mathematics",
    "semester": "1st Semester",
    "year": "2020",
    "icon": "📘",
    "file": "btech-1-sem-mathematics-1-bs1101-2020.pdf"
  },
  {
    "id": "btech-1-sem-mathematics-1-rma1a001-2020",
    "title": "Mathematics (RMA1A001-2020)",
    "subject": "Mathematics",
    "semester": "1st Semester",
    "year": "2020",
    "icon": "📘",
    "file": "btech-1-sem-mathematics-1-rma1a001-2020.pdf"
  },
  {
    "id": "btech-1-sem-mathematics-1-rma1a001-2022",
    "title": "Mathematics (RMA1A001-2022)",
    "subject": "Mathematics",
    "semester": "1st Semester",
    "year": "2022",
    "icon": "📘",
    "file": "btech-1-sem-mathematics-1-rma1a001-2022.pdf"
  },
  {
    "id": "btech-1-sem-mathematics-1-rma1a001-2023",
    "title": "Mathematics (RMA1A001-2023)",
    "subject": "Mathematics",
    "semester": "1st Semester",
    "year": "2023",
    "icon": "📘",
    "file": "btech-1-sem-mathematics-1-rma1a001-2023.pdf"
  },
  {
    "id": "btech-1-sem-mathematics-1-rma1a001-2025",
    "title": "Mathematics (RMA1A001-2025)",
    "subject": "Mathematics",
    "semester": "1st Semester",
    "year": "2025",
    "icon": "📘",
    "file": "btech-1-sem-mathematics-1-rma1a001-2025.pdf"
  },
  {
    "id": "chemistry-pyq-with-answer-as-per-syllabus",
    "title": "Chemistry",
    "subject": "Chemistry",
    "semester": "1st Semester",
    "year": "All",
    "icon": "🧪",
    "file": "chemistry pyq with answer as per syllabus.pdf"
  }
]
